{
  "experiment": "iterative_v6",
  "run_mode": "R4",
  "density": 200,
  "conversation_tokens": 4907856,
  "context_window": 190000,
  "qa_batch_size": 5,
  "results": {
    "S3": {
      "recall": 0.135,
      "accuracy": 0.065,
      "facts_recalled": 27,
      "facts_total": 200,
      "recall_q1": 0.20512820512820512,
      "recall_q2": 0.05,
      "recall_q3": 0.175,
      "recall_q4": 0.1,
      "recall_q5": 0.14634146341463414,
      "n_q1": 39,
      "n_q2": 40,
      "n_q3": 40,
      "n_q4": 40,
      "n_q5": 41,
      "by_category": {
        "knowledge-update": {
          "total": 63,
          "recalled": 8,
          "accurate": 4,
          "recall": 0.12698412698412698,
          "accuracy": 0.06349206349206349
        },
        "single-session-assistant": {
          "total": 47,
          "recalled": 7,
          "accurate": 2,
          "recall": 0.14893617021276595,
          "accuracy": 0.0425531914893617
        },
        "single-session-preference": {
          "total": 29,
          "recalled": 4,
          "accurate": 0,
          "recall": 0.13793103448275862,
          "accuracy": 0.0
        },
        "single-session-user": {
          "total": 61,
          "recalled": 8,
          "accurate": 7,
          "recall": 0.13114754098360656,
          "accuracy": 0.11475409836065574
        }
      },
      "by_compression_depth": {
        "0": {
          "total": 2,
          "recalled": 0,
          "recall": 0.0
        },
        "1": {
          "total": 198,
          "recalled": 27,
          "recall": 0.13636363636363635
        }
      },
      "compaction_cycles": 88,
      "grep": {
        "facts_total": 200,
        "all_present": 134,
        "any_present": 186,
        "recall_upper_bound": 0.67
      }
    }
  },
  "checkpoints": {
    "checkpoint_2502K": {
      "S3": {
        "recall": 0.18,
        "accuracy": 0.11,
        "facts_recalled": 18,
        "facts_total": 100,
        "recall_q1": 0.20512820512820512,
        "recall_q2": 0.1,
        "recall_q3": 0.2857142857142857,
        "recall_q4": 0.0,
        "recall_q5": 0.0,
        "n_q1": 39,
        "n_q2": 40,
        "n_q3": 21,
        "n_q4": 0,
        "n_q5": 0,
        "by_category": {
          "knowledge-update": {
            "total": 63,
            "recalled": 10,
            "accurate": 6,
            "recall": 0.15873015873015872,
            "accuracy": 0.09523809523809523
          },
          "single-session-assistant": {
            "total": 8,
            "recalled": 4,
            "accurate": 4,
            "recall": 0.5,
            "accuracy": 0.5
          },
          "single-session-preference": {
            "total": 29,
            "recalled": 4,
            "accurate": 1,
            "recall": 0.13793103448275862,
            "accuracy": 0.034482758620689655
          }
        },
        "by_compression_depth": {
          "0": {
            "total": 1,
            "recalled": 1,
            "recall": 1.0
          },
          "1": {
            "total": 99,
            "recalled": 17,
            "recall": 0.1717171717171717
          }
        },
        "compaction_cycles": 44,
        "grep": {
          "facts_total": 100,
          "all_present": 69,
          "any_present": 95,
          "recall_upper_bound": 0.69
        }
      }
    }
  },
  "config": {
    "experiment": "iterative_v6",
    "run_mode": "R4",
    "density": 200,
    "seed": 42,
    "context_window": 190000,
    "high_watermark": 0.9,
    "low_watermark": 0.6,
    "feed_batch_size": 10,
    "qa_batch_size": 5,
    "strategies": [
      "S3"
    ],
    "model": "claude-sonnet-4-20250514",
    "judge_model": "claude-sonnet-4-20250514",
    "backend": "wrapper",
    "judge_backend": "wrapper",
    "workers": 2,
    "conversation_tokens": 4907856,
    "conversation_messages": 21298,
    "n_facts": 200,
    "timestamp": "20260403_1514"
  }
}