{
  "results": {
    "S1": {
      "recall": 0.025,
      "accuracy": 0.02,
      "facts_recalled": 5,
      "facts_total": 200,
      "recall_q1": 0.05128205128205128,
      "recall_q2": 0.0,
      "recall_q3": 0.0,
      "recall_q4": 0.025,
      "recall_q5": 0.04878048780487805,
      "n_q1": 39,
      "n_q2": 40,
      "n_q3": 40,
      "n_q4": 40,
      "n_q5": 41,
      "by_category": {
        "knowledge-update": {
          "total": 63,
          "recalled": 2,
          "accurate": 1,
          "recall": 0.031746031746031744,
          "accuracy": 0.015873015873015872
        },
        "single-session-assistant": {
          "total": 47,
          "recalled": 1,
          "accurate": 1,
          "recall": 0.02127659574468085,
          "accuracy": 0.02127659574468085
        },
        "single-session-preference": {
          "total": 29,
          "recalled": 0,
          "accurate": 0,
          "recall": 0.0,
          "accuracy": 0.0
        },
        "single-session-user": {
          "total": 61,
          "recalled": 2,
          "accurate": 2,
          "recall": 0.03278688524590164,
          "accuracy": 0.03278688524590164
        }
      },
      "by_compression_depth": {
        "0": {
          "total": 6,
          "recalled": 1,
          "recall": 0.16666666666666666
        },
        "1": {
          "total": 194,
          "recalled": 4,
          "recall": 0.020618556701030927
        }
      },
      "compaction_cycles": 30
    },
    "S2": {
      "recall": 0.025,
      "accuracy": 0.02,
      "facts_recalled": 5,
      "facts_total": 200,
      "recall_q1": 0.05128205128205128,
      "recall_q2": 0.0,
      "recall_q3": 0.0,
      "recall_q4": 0.025,
      "recall_q5": 0.04878048780487805,
      "n_q1": 39,
      "n_q2": 40,
      "n_q3": 40,
      "n_q4": 40,
      "n_q5": 41,
      "by_category": {
        "knowledge-update": {
          "total": 63,
          "recalled": 2,
          "accurate": 1,
          "recall": 0.031746031746031744,
          "accuracy": 0.015873015873015872
        },
        "single-session-assistant": {
          "total": 47,
          "recalled": 1,
          "accurate": 1,
          "recall": 0.02127659574468085,
          "accuracy": 0.02127659574468085
        },
        "single-session-preference": {
          "total": 29,
          "recalled": 0,
          "accurate": 0,
          "recall": 0.0,
          "accuracy": 0.0
        },
        "single-session-user": {
          "total": 61,
          "recalled": 2,
          "accurate": 2,
          "recall": 0.03278688524590164,
          "accuracy": 0.03278688524590164
        }
      },
      "by_compression_depth": {
        "1": {
          "total": 200,
          "recalled": 5,
          "recall": 0.025
        }
      },
      "compaction_cycles": 88
    },
    "S3": {
      "recall": 0.005,
      "accuracy": 0.005,
      "facts_recalled": 1,
      "facts_total": 200,
      "recall_q1": 0.02564102564102564,
      "recall_q2": 0.0,
      "recall_q3": 0.0,
      "recall_q4": 0.0,
      "recall_q5": 0.0,
      "n_q1": 39,
      "n_q2": 40,
      "n_q3": 40,
      "n_q4": 40,
      "n_q5": 41,
      "by_category": {
        "knowledge-update": {
          "total": 63,
          "recalled": 1,
          "accurate": 1,
          "recall": 0.015873015873015872,
          "accuracy": 0.015873015873015872
        },
        "single-session-assistant": {
          "total": 47,
          "recalled": 0,
          "accurate": 0,
          "recall": 0.0,
          "accuracy": 0.0
        },
        "single-session-preference": {
          "total": 29,
          "recalled": 0,
          "accurate": 0,
          "recall": 0.0,
          "accuracy": 0.0
        },
        "single-session-user": {
          "total": 61,
          "recalled": 0,
          "accurate": 0,
          "recall": 0.0,
          "accuracy": 0.0
        }
      },
      "by_compression_depth": {
        "0": {
          "total": 1,
          "recalled": 0,
          "recall": 0.0
        },
        "1": {
          "total": 199,
          "recalled": 1,
          "recall": 0.005025125628140704
        }
      },
      "compaction_cycles": 88
    },
    "S4": {
      "recall": 0.01,
      "accuracy": 0.01,
      "facts_recalled": 2,
      "facts_total": 200,
      "recall_q1": 0.02564102564102564,
      "recall_q2": 0.0,
      "recall_q3": 0.0,
      "recall_q4": 0.0,
      "recall_q5": 0.024390243902439025,
      "n_q1": 39,
      "n_q2": 40,
      "n_q3": 40,
      "n_q4": 40,
      "n_q5": 41,
      "by_category": {
        "knowledge-update": {
          "total": 63,
          "recalled": 1,
          "accurate": 1,
          "recall": 0.015873015873015872,
          "accuracy": 0.015873015873015872
        },
        "single-session-assistant": {
          "total": 47,
          "recalled": 0,
          "accurate": 0,
          "recall": 0.0,
          "accuracy": 0.0
        },
        "single-session-preference": {
          "total": 29,
          "recalled": 0,
          "accurate": 0,
          "recall": 0.0,
          "accuracy": 0.0
        },
        "single-session-user": {
          "total": 61,
          "recalled": 1,
          "accurate": 1,
          "recall": 0.01639344262295082,
          "accuracy": 0.01639344262295082
        }
      },
      "by_compression_depth": {
        "0": {
          "total": 1,
          "recalled": 0,
          "recall": 0.0
        },
        "1": {
          "total": 199,
          "recalled": 2,
          "recall": 0.010050251256281407
        }
      },
      "compaction_cycles": 88
    }
  },
  "label": "5M",
  "judge_model": "claude-haiku-4-5-20251001",
  "qa_model": "claude-sonnet-4-20250514",
  "rerun_timestamp": "2026-04-30T11:12:22.461232"
}