{
  "results": {
    "S4": {
      "recall": 0.15714285714285714,
      "accuracy": 0.07857142857142857,
      "facts_recalled": 22,
      "facts_total": 140,
      "recall_q1": 0.3333333333333333,
      "recall_q2": 0.125,
      "recall_q3": 0.0,
      "recall_q4": 0.19047619047619047,
      "recall_q5": 0.0,
      "n_q1": 39,
      "n_q2": 40,
      "n_q3": 40,
      "n_q4": 21,
      "n_q5": 0,
      "by_category": {
        "knowledge-update": {
          "total": 63,
          "recalled": 18,
          "accurate": 7,
          "recall": 0.2857142857142857,
          "accuracy": 0.1111111111111111
        },
        "single-session-assistant": {
          "total": 47,
          "recalled": 3,
          "accurate": 3,
          "recall": 0.06382978723404255,
          "accuracy": 0.06382978723404255
        },
        "single-session-preference": {
          "total": 29,
          "recalled": 0,
          "accurate": 0,
          "recall": 0.0,
          "accuracy": 0.0
        },
        "single-session-user": {
          "total": 1,
          "recalled": 1,
          "accurate": 1,
          "recall": 1.0,
          "accuracy": 1.0
        }
      }
    }
  },
  "rejudge_timestamp": "2026-04-30T08:46:10.948580",
  "judge_model": "claude-haiku-4-5-20251001"
}