{
  "results": {
    "S3": {
      "recall": 0.15,
      "accuracy": 0.1,
      "facts_recalled": 12,
      "facts_total": 80,
      "recall_q1": 0.2564102564102564,
      "recall_q2": 0.05,
      "recall_q3": 0.0,
      "recall_q4": 0.0,
      "recall_q5": 0.0,
      "n_q1": 39,
      "n_q2": 40,
      "n_q3": 1,
      "n_q4": 0,
      "n_q5": 0,
      "by_category": {
        "knowledge-update": {
          "total": 63,
          "recalled": 11,
          "accurate": 7,
          "recall": 0.1746031746031746,
          "accuracy": 0.1111111111111111
        },
        "single-session-preference": {
          "total": 17,
          "recalled": 1,
          "accurate": 1,
          "recall": 0.058823529411764705,
          "accuracy": 0.058823529411764705
        }
      }
    },
    "S4": {
      "recall": 0.1625,
      "accuracy": 0.0875,
      "facts_recalled": 13,
      "facts_total": 80,
      "recall_q1": 0.2564102564102564,
      "recall_q2": 0.075,
      "recall_q3": 0.0,
      "recall_q4": 0.0,
      "recall_q5": 0.0,
      "n_q1": 39,
      "n_q2": 40,
      "n_q3": 1,
      "n_q4": 0,
      "n_q5": 0,
      "by_category": {
        "knowledge-update": {
          "total": 63,
          "recalled": 13,
          "accurate": 7,
          "recall": 0.20634920634920634,
          "accuracy": 0.1111111111111111
        },
        "single-session-preference": {
          "total": 17,
          "recalled": 0,
          "accurate": 0,
          "recall": 0.0,
          "accuracy": 0.0
        }
      }
    }
  },
  "rejudge_timestamp": "2026-04-30T08:42:04.009139",
  "judge_model": "claude-haiku-4-5-20251001"
}