{
  "results": {
    "S3": {
      "recall": 0.1,
      "accuracy": 0.05,
      "facts_recalled": 20,
      "facts_total": 200,
      "recall_q1": 0.1794871794871795,
      "recall_q2": 0.1,
      "recall_q3": 0.0,
      "recall_q4": 0.15,
      "recall_q5": 0.07317073170731707,
      "n_q1": 39,
      "n_q2": 40,
      "n_q3": 40,
      "n_q4": 40,
      "n_q5": 41,
      "by_category": {
        "knowledge-update": {
          "total": 63,
          "recalled": 10,
          "accurate": 5,
          "recall": 0.15873015873015872,
          "accuracy": 0.07936507936507936
        },
        "single-session-assistant": {
          "total": 47,
          "recalled": 1,
          "accurate": 1,
          "recall": 0.02127659574468085,
          "accuracy": 0.02127659574468085
        },
        "single-session-preference": {
          "total": 29,
          "recalled": 1,
          "accurate": 0,
          "recall": 0.034482758620689655,
          "accuracy": 0.0
        },
        "single-session-user": {
          "total": 61,
          "recalled": 8,
          "accurate": 4,
          "recall": 0.13114754098360656,
          "accuracy": 0.06557377049180328
        }
      },
      "grep": {
        "facts_total": 200,
        "all_present": 119,
        "any_present": 184,
        "recall_upper_bound": 0.595
      }
    },
    "S4": {
      "recall": 0.105,
      "accuracy": 0.055,
      "facts_recalled": 21,
      "facts_total": 200,
      "recall_q1": 0.28205128205128205,
      "recall_q2": 0.1,
      "recall_q3": 0.0,
      "recall_q4": 0.1,
      "recall_q5": 0.04878048780487805,
      "n_q1": 39,
      "n_q2": 40,
      "n_q3": 40,
      "n_q4": 40,
      "n_q5": 41,
      "by_category": {
        "knowledge-update": {
          "total": 63,
          "recalled": 15,
          "accurate": 6,
          "recall": 0.23809523809523808,
          "accuracy": 0.09523809523809523
        },
        "single-session-assistant": {
          "total": 47,
          "recalled": 1,
          "accurate": 1,
          "recall": 0.02127659574468085,
          "accuracy": 0.02127659574468085
        },
        "single-session-preference": {
          "total": 29,
          "recalled": 0,
          "accurate": 0,
          "recall": 0.0,
          "accuracy": 0.0
        },
        "single-session-user": {
          "total": 61,
          "recalled": 5,
          "accurate": 4,
          "recall": 0.08196721311475409,
          "accuracy": 0.06557377049180328
        }
      },
      "grep": {
        "facts_total": 200,
        "all_present": 126,
        "any_present": 185,
        "recall_upper_bound": 0.63
      }
    }
  },
  "recompute_timestamp": "2026-04-29T05:15:04.327027",
  "source": "recompute_summaries.py"
}