{
  "results": {
    "S1": {
      "recall": 0.05,
      "accuracy": 0.04285714285714286,
      "facts_recalled": 7,
      "facts_total": 140,
      "recall_q1": 0.02564102564102564,
      "recall_q2": 0.025,
      "recall_q3": 0.0,
      "recall_q4": 0.23809523809523808,
      "recall_q5": 0.0,
      "n_q1": 39,
      "n_q2": 40,
      "n_q3": 40,
      "n_q4": 21,
      "n_q5": 0,
      "by_category": {
        "knowledge-update": {
          "total": 63,
          "recalled": 2,
          "accurate": 1,
          "recall": 0.031746031746031744,
          "accuracy": 0.015873015873015872
        },
        "single-session-assistant": {
          "total": 47,
          "recalled": 4,
          "accurate": 4,
          "recall": 0.0851063829787234,
          "accuracy": 0.0851063829787234
        },
        "single-session-preference": {
          "total": 29,
          "recalled": 0,
          "accurate": 0,
          "recall": 0.0,
          "accuracy": 0.0
        },
        "single-session-user": {
          "total": 1,
          "recalled": 1,
          "accurate": 1,
          "recall": 1.0,
          "accuracy": 1.0
        }
      }
    },
    "S2": {
      "recall": 0.05,
      "accuracy": 0.04285714285714286,
      "facts_recalled": 7,
      "facts_total": 140,
      "recall_q1": 0.02564102564102564,
      "recall_q2": 0.025,
      "recall_q3": 0.0,
      "recall_q4": 0.23809523809523808,
      "recall_q5": 0.0,
      "n_q1": 39,
      "n_q2": 40,
      "n_q3": 40,
      "n_q4": 21,
      "n_q5": 0,
      "by_category": {
        "knowledge-update": {
          "total": 63,
          "recalled": 2,
          "accurate": 1,
          "recall": 0.031746031746031744,
          "accuracy": 0.015873015873015872
        },
        "single-session-assistant": {
          "total": 47,
          "recalled": 4,
          "accurate": 4,
          "recall": 0.0851063829787234,
          "accuracy": 0.0851063829787234
        },
        "single-session-preference": {
          "total": 29,
          "recalled": 0,
          "accurate": 0,
          "recall": 0.0,
          "accuracy": 0.0
        },
        "single-session-user": {
          "total": 1,
          "recalled": 1,
          "accurate": 1,
          "recall": 1.0,
          "accuracy": 1.0
        }
      }
    },
    "S3": {
      "recall": 0.014285714285714285,
      "accuracy": 0.014285714285714285,
      "facts_recalled": 2,
      "facts_total": 140,
      "recall_q1": 0.0,
      "recall_q2": 0.0,
      "recall_q3": 0.0,
      "recall_q4": 0.09523809523809523,
      "recall_q5": 0.0,
      "n_q1": 39,
      "n_q2": 40,
      "n_q3": 40,
      "n_q4": 21,
      "n_q5": 0,
      "by_category": {
        "knowledge-update": {
          "total": 63,
          "recalled": 0,
          "accurate": 0,
          "recall": 0.0,
          "accuracy": 0.0
        },
        "single-session-assistant": {
          "total": 47,
          "recalled": 1,
          "accurate": 1,
          "recall": 0.02127659574468085,
          "accuracy": 0.02127659574468085
        },
        "single-session-preference": {
          "total": 29,
          "recalled": 0,
          "accurate": 0,
          "recall": 0.0,
          "accuracy": 0.0
        },
        "single-session-user": {
          "total": 1,
          "recalled": 1,
          "accurate": 1,
          "recall": 1.0,
          "accuracy": 1.0
        }
      }
    },
    "S4": {
      "recall": 0.06428571428571428,
      "accuracy": 0.05714285714285714,
      "facts_recalled": 9,
      "facts_total": 140,
      "recall_q1": 0.07692307692307693,
      "recall_q2": 0.025,
      "recall_q3": 0.0,
      "recall_q4": 0.23809523809523808,
      "recall_q5": 0.0,
      "n_q1": 39,
      "n_q2": 40,
      "n_q3": 40,
      "n_q4": 21,
      "n_q5": 0,
      "by_category": {
        "knowledge-update": {
          "total": 63,
          "recalled": 4,
          "accurate": 3,
          "recall": 0.06349206349206349,
          "accuracy": 0.047619047619047616
        },
        "single-session-assistant": {
          "total": 47,
          "recalled": 4,
          "accurate": 4,
          "recall": 0.0851063829787234,
          "accuracy": 0.0851063829787234
        },
        "single-session-preference": {
          "total": 29,
          "recalled": 0,
          "accurate": 0,
          "recall": 0.0,
          "accuracy": 0.0
        },
        "single-session-user": {
          "total": 1,
          "recalled": 1,
          "accurate": 1,
          "recall": 1.0,
          "accuracy": 1.0
        }
      }
    }
  },
  "rejudge_timestamp": "2026-04-30T05:40:41.061126",
  "judge_model": "claude-haiku-4-5-20251001"
}