{
  "results": {
    "S1": {
      "recall": 0.10714285714285714,
      "accuracy": 0.05714285714285714,
      "facts_recalled": 15,
      "facts_total": 140,
      "recall_q1": 0.05128205128205128,
      "recall_q2": 0.125,
      "recall_q3": 0.05,
      "recall_q4": 0.2857142857142857,
      "recall_q5": 0.0,
      "n_q1": 39,
      "n_q2": 40,
      "n_q3": 40,
      "n_q4": 21,
      "n_q5": 0,
      "by_category": {
        "knowledge-update": {
          "total": 63,
          "recalled": 6,
          "accurate": 3,
          "recall": 0.09523809523809523,
          "accuracy": 0.047619047619047616
        },
        "single-session-assistant": {
          "total": 47,
          "recalled": 7,
          "accurate": 4,
          "recall": 0.14893617021276595,
          "accuracy": 0.0851063829787234
        },
        "single-session-preference": {
          "total": 29,
          "recalled": 1,
          "accurate": 0,
          "recall": 0.034482758620689655,
          "accuracy": 0.0
        },
        "single-session-user": {
          "total": 1,
          "recalled": 1,
          "accurate": 1,
          "recall": 1.0,
          "accuracy": 1.0
        }
      },
      "grep": {
        "facts_total": 140,
        "all_present": 71,
        "any_present": 126,
        "recall_upper_bound": 0.5071428571428571
      }
    },
    "S2": {
      "recall": 0.06428571428571428,
      "accuracy": 0.04285714285714286,
      "facts_recalled": 9,
      "facts_total": 140,
      "recall_q1": 0.02564102564102564,
      "recall_q2": 0.025,
      "recall_q3": 0.025,
      "recall_q4": 0.2857142857142857,
      "recall_q5": 0.0,
      "n_q1": 39,
      "n_q2": 40,
      "n_q3": 40,
      "n_q4": 21,
      "n_q5": 0,
      "by_category": {
        "knowledge-update": {
          "total": 63,
          "recalled": 2,
          "accurate": 1,
          "recall": 0.031746031746031744,
          "accuracy": 0.015873015873015872
        },
        "single-session-assistant": {
          "total": 47,
          "recalled": 5,
          "accurate": 4,
          "recall": 0.10638297872340426,
          "accuracy": 0.0851063829787234
        },
        "single-session-preference": {
          "total": 29,
          "recalled": 1,
          "accurate": 0,
          "recall": 0.034482758620689655,
          "accuracy": 0.0
        },
        "single-session-user": {
          "total": 1,
          "recalled": 1,
          "accurate": 1,
          "recall": 1.0,
          "accuracy": 1.0
        }
      },
      "grep": {
        "facts_total": 140,
        "all_present": 66,
        "any_present": 125,
        "recall_upper_bound": 0.4714285714285714
      }
    },
    "S3": {
      "recall": 0.07857142857142857,
      "accuracy": 0.014285714285714285,
      "facts_recalled": 11,
      "facts_total": 140,
      "recall_q1": 0.07692307692307693,
      "recall_q2": 0.025,
      "recall_q3": 0.075,
      "recall_q4": 0.19047619047619047,
      "recall_q5": 0.0,
      "n_q1": 39,
      "n_q2": 40,
      "n_q3": 40,
      "n_q4": 21,
      "n_q5": 0,
      "by_category": {
        "knowledge-update": {
          "total": 63,
          "recalled": 4,
          "accurate": 0,
          "recall": 0.06349206349206349,
          "accuracy": 0.0
        },
        "single-session-assistant": {
          "total": 47,
          "recalled": 5,
          "accurate": 1,
          "recall": 0.10638297872340426,
          "accuracy": 0.02127659574468085
        },
        "single-session-preference": {
          "total": 29,
          "recalled": 1,
          "accurate": 0,
          "recall": 0.034482758620689655,
          "accuracy": 0.0
        },
        "single-session-user": {
          "total": 1,
          "recalled": 1,
          "accurate": 1,
          "recall": 1.0,
          "accuracy": 1.0
        }
      },
      "grep": {
        "facts_total": 140,
        "all_present": 79,
        "any_present": 127,
        "recall_upper_bound": 0.5642857142857143
      }
    },
    "S4": {
      "recall": 0.07142857142857142,
      "accuracy": 0.05714285714285714,
      "facts_recalled": 10,
      "facts_total": 140,
      "recall_q1": 0.07692307692307693,
      "recall_q2": 0.025,
      "recall_q3": 0.0,
      "recall_q4": 0.2857142857142857,
      "recall_q5": 0.0,
      "n_q1": 39,
      "n_q2": 40,
      "n_q3": 40,
      "n_q4": 21,
      "n_q5": 0,
      "by_category": {
        "knowledge-update": {
          "total": 63,
          "recalled": 4,
          "accurate": 3,
          "recall": 0.06349206349206349,
          "accuracy": 0.047619047619047616
        },
        "single-session-assistant": {
          "total": 47,
          "recalled": 5,
          "accurate": 4,
          "recall": 0.10638297872340426,
          "accuracy": 0.0851063829787234
        },
        "single-session-preference": {
          "total": 29,
          "recalled": 0,
          "accurate": 0,
          "recall": 0.0,
          "accuracy": 0.0
        },
        "single-session-user": {
          "total": 1,
          "recalled": 1,
          "accurate": 1,
          "recall": 1.0,
          "accuracy": 1.0
        }
      },
      "grep": {
        "facts_total": 140,
        "all_present": 78,
        "any_present": 128,
        "recall_upper_bound": 0.5571428571428572
      }
    }
  },
  "recompute_timestamp": "2026-04-30T02:18:04.747417",
  "source": "recompute_summaries.py"
}