{
  "results": {
    "S1": {
      "recall": 0.10526315789473684,
      "accuracy": 0.10526315789473684,
      "facts_recalled": 2,
      "facts_total": 19,
      "recall_q1": 0.10526315789473684,
      "recall_q2": 0.0,
      "recall_q3": 0.0,
      "recall_q4": 0.0,
      "recall_q5": 0.0,
      "n_q1": 19,
      "n_q2": 0,
      "n_q3": 0,
      "n_q4": 0,
      "n_q5": 0,
      "by_category": {
        "knowledge-update": {
          "total": 19,
          "recalled": 2,
          "accurate": 2,
          "recall": 0.10526315789473684,
          "accuracy": 0.10526315789473684
        }
      },
      "grep": {
        "facts_total": 19,
        "all_present": 12,
        "any_present": 14,
        "recall_upper_bound": 0.631578947368421
      }
    },
    "S2": {
      "recall": 0.21052631578947367,
      "accuracy": 0.10526315789473684,
      "facts_recalled": 4,
      "facts_total": 19,
      "recall_q1": 0.21052631578947367,
      "recall_q2": 0.0,
      "recall_q3": 0.0,
      "recall_q4": 0.0,
      "recall_q5": 0.0,
      "n_q1": 19,
      "n_q2": 0,
      "n_q3": 0,
      "n_q4": 0,
      "n_q5": 0,
      "by_category": {
        "knowledge-update": {
          "total": 19,
          "recalled": 4,
          "accurate": 2,
          "recall": 0.21052631578947367,
          "accuracy": 0.10526315789473684
        }
      },
      "grep": {
        "facts_total": 19,
        "all_present": 19,
        "any_present": 19,
        "recall_upper_bound": 1.0
      }
    },
    "S3": {
      "recall": 0.15789473684210525,
      "accuracy": 0.10526315789473684,
      "facts_recalled": 3,
      "facts_total": 19,
      "recall_q1": 0.15789473684210525,
      "recall_q2": 0.0,
      "recall_q3": 0.0,
      "recall_q4": 0.0,
      "recall_q5": 0.0,
      "n_q1": 19,
      "n_q2": 0,
      "n_q3": 0,
      "n_q4": 0,
      "n_q5": 0,
      "by_category": {
        "knowledge-update": {
          "total": 19,
          "recalled": 3,
          "accurate": 2,
          "recall": 0.15789473684210525,
          "accuracy": 0.10526315789473684
        }
      },
      "grep": {
        "facts_total": 19,
        "all_present": 19,
        "any_present": 19,
        "recall_upper_bound": 1.0
      }
    },
    "S4": {
      "recall": 0.3157894736842105,
      "accuracy": 0.2631578947368421,
      "facts_recalled": 6,
      "facts_total": 19,
      "recall_q1": 0.3157894736842105,
      "recall_q2": 0.0,
      "recall_q3": 0.0,
      "recall_q4": 0.0,
      "recall_q5": 0.0,
      "n_q1": 19,
      "n_q2": 0,
      "n_q3": 0,
      "n_q4": 0,
      "n_q5": 0,
      "by_category": {
        "knowledge-update": {
          "total": 19,
          "recalled": 6,
          "accurate": 5,
          "recall": 0.3157894736842105,
          "accuracy": 0.2631578947368421
        }
      },
      "grep": {
        "facts_total": 19,
        "all_present": 19,
        "any_present": 19,
        "recall_upper_bound": 1.0
      }
    }
  },
  "recompute_timestamp": "2026-04-29T05:15:04.009746",
  "source": "recompute_summaries.py"
}