{
  "results": {
    "S3": {
      "recall": 0.3157894736842105,
      "accuracy": 0.15789473684210525,
      "facts_recalled": 6,
      "facts_total": 19,
      "recall_q1": 0.3157894736842105,
      "recall_q2": 0.0,
      "recall_q3": 0.0,
      "recall_q4": 0.0,
      "recall_q5": 0.0,
      "n_q1": 19,
      "n_q2": 0,
      "n_q3": 0,
      "n_q4": 0,
      "n_q5": 0,
      "by_category": {
        "knowledge-update": {
          "total": 19,
          "recalled": 6,
          "accurate": 3,
          "recall": 0.3157894736842105,
          "accuracy": 0.15789473684210525
        }
      }
    },
    "S4": {
      "recall": 0.47368421052631576,
      "accuracy": 0.2631578947368421,
      "facts_recalled": 9,
      "facts_total": 19,
      "recall_q1": 0.47368421052631576,
      "recall_q2": 0.0,
      "recall_q3": 0.0,
      "recall_q4": 0.0,
      "recall_q5": 0.0,
      "n_q1": 19,
      "n_q2": 0,
      "n_q3": 0,
      "n_q4": 0,
      "n_q5": 0,
      "by_category": {
        "knowledge-update": {
          "total": 19,
          "recalled": 9,
          "accurate": 5,
          "recall": 0.47368421052631576,
          "accuracy": 0.2631578947368421
        }
      }
    }
  },
  "rejudge_timestamp": "2026-04-30T08:34:21.103996",
  "judge_model": "claude-haiku-4-5-20251001"
}