{
  "results": {
    "S1": {
      "recall": 0.07692307692307693,
      "accuracy": 0.07692307692307693,
      "facts_recalled": 3,
      "facts_total": 39,
      "recall_q1": 0.07692307692307693,
      "recall_q2": 0.0,
      "recall_q3": 0.0,
      "recall_q4": 0.0,
      "recall_q5": 0.0,
      "n_q1": 39,
      "n_q2": 0,
      "n_q3": 0,
      "n_q4": 0,
      "n_q5": 0,
      "by_category": {
        "knowledge-update": {
          "total": 39,
          "recalled": 3,
          "accurate": 3,
          "recall": 0.07692307692307693,
          "accuracy": 0.07692307692307693
        }
      },
      "grep": {
        "facts_total": 39,
        "all_present": 26,
        "any_present": 31,
        "recall_upper_bound": 0.6666666666666666
      }
    },
    "S2": {
      "recall": 0.1794871794871795,
      "accuracy": 0.1794871794871795,
      "facts_recalled": 7,
      "facts_total": 39,
      "recall_q1": 0.1794871794871795,
      "recall_q2": 0.0,
      "recall_q3": 0.0,
      "recall_q4": 0.0,
      "recall_q5": 0.0,
      "n_q1": 39,
      "n_q2": 0,
      "n_q3": 0,
      "n_q4": 0,
      "n_q5": 0,
      "by_category": {
        "knowledge-update": {
          "total": 39,
          "recalled": 7,
          "accurate": 7,
          "recall": 0.1794871794871795,
          "accuracy": 0.1794871794871795
        }
      },
      "grep": {
        "facts_total": 39,
        "all_present": 35,
        "any_present": 38,
        "recall_upper_bound": 0.8974358974358975
      }
    }
  },
  "recompute_timestamp": "2026-04-29T05:15:04.363690",
  "source": "recompute_summaries.py"
}