{
  "results": {
    "S1": {
      "recall": 0.07692307692307693,
      "accuracy": 0.07692307692307693,
      "facts_recalled": 3,
      "facts_total": 39,
      "recall_q1": 0.07692307692307693,
      "recall_q2": 0.0,
      "recall_q3": 0.0,
      "recall_q4": 0.0,
      "recall_q5": 0.0,
      "n_q1": 39,
      "n_q2": 0,
      "n_q3": 0,
      "n_q4": 0,
      "n_q5": 0,
      "by_category": {
        "knowledge-update": {
          "total": 39,
          "recalled": 3,
          "accurate": 3,
          "recall": 0.07692307692307693,
          "accuracy": 0.07692307692307693
        }
      },
      "by_compression_depth": {
        "0": {
          "total": 1,
          "recalled": 0,
          "recall": 0.0
        },
        "1": {
          "total": 38,
          "recalled": 3,
          "recall": 0.07894736842105263
        }
      },
      "compaction_cycles": 6,
      "grep": {
        "facts_total": 39,
        "all_present": 27,
        "any_present": 32,
        "recall_upper_bound": 0.6923076923076923
      }
    },
    "S2": {
      "recall": 0.02564102564102564,
      "accuracy": 0.02564102564102564,
      "facts_recalled": 1,
      "facts_total": 39,
      "recall_q1": 0.02564102564102564,
      "recall_q2": 0.0,
      "recall_q3": 0.0,
      "recall_q4": 0.0,
      "recall_q5": 0.0,
      "n_q1": 39,
      "n_q2": 0,
      "n_q3": 0,
      "n_q4": 0,
      "n_q5": 0,
      "by_category": {
        "knowledge-update": {
          "total": 39,
          "recalled": 1,
          "accurate": 1,
          "recall": 0.02564102564102564,
          "accuracy": 0.02564102564102564
        }
      },
      "by_compression_depth": {
        "0": {
          "total": 1,
          "recalled": 0,
          "recall": 0.0
        },
        "1": {
          "total": 38,
          "recalled": 1,
          "recall": 0.02631578947368421
        }
      },
      "compaction_cycles": 16,
      "grep": {
        "facts_total": 39,
        "all_present": 35,
        "any_present": 38,
        "recall_upper_bound": 0.8974358974358975
      }
    },
    "S3": {
      "recall": 0.02564102564102564,
      "accuracy": 0.02564102564102564,
      "facts_recalled": 1,
      "facts_total": 39,
      "recall_q1": 0.02564102564102564,
      "recall_q2": 0.0,
      "recall_q3": 0.0,
      "recall_q4": 0.0,
      "recall_q5": 0.0,
      "n_q1": 39,
      "n_q2": 0,
      "n_q3": 0,
      "n_q4": 0,
      "n_q5": 0,
      "by_category": {
        "knowledge-update": {
          "total": 39,
          "recalled": 1,
          "accurate": 1,
          "recall": 0.02564102564102564,
          "accuracy": 0.02564102564102564
        }
      },
      "by_compression_depth": {
        "1": {
          "total": 39,
          "recalled": 1,
          "recall": 0.02564102564102564
        }
      },
      "compaction_cycles": 16,
      "grep": {
        "facts_total": 39,
        "all_present": 33,
        "any_present": 37,
        "recall_upper_bound": 0.8461538461538461
      }
    },
    "S4": {
      "recall": 0.05128205128205128,
      "accuracy": 0.05128205128205128,
      "facts_recalled": 2,
      "facts_total": 39,
      "recall_q1": 0.05128205128205128,
      "recall_q2": 0.0,
      "recall_q3": 0.0,
      "recall_q4": 0.0,
      "recall_q5": 0.0,
      "n_q1": 39,
      "n_q2": 0,
      "n_q3": 0,
      "n_q4": 0,
      "n_q5": 0,
      "by_category": {
        "knowledge-update": {
          "total": 39,
          "recalled": 2,
          "accurate": 2,
          "recall": 0.05128205128205128,
          "accuracy": 0.05128205128205128
        }
      },
      "by_compression_depth": {
        "1": {
          "total": 39,
          "recalled": 2,
          "recall": 0.05128205128205128
        }
      },
      "compaction_cycles": 16,
      "grep": {
        "facts_total": 39,
        "all_present": 33,
        "any_present": 37,
        "recall_upper_bound": 0.8461538461538461
      }
    }
  },
  "label": "checkpoint_1001K"
}