{
  "results": {
    "S3": {
      "recall": 0.3076923076923077,
      "accuracy": 0.20512820512820512,
      "facts_recalled": 12,
      "facts_total": 39,
      "recall_q1": 0.3076923076923077,
      "recall_q2": 0.0,
      "recall_q3": 0.0,
      "recall_q4": 0.0,
      "recall_q5": 0.0,
      "n_q1": 39,
      "n_q2": 0,
      "n_q3": 0,
      "n_q4": 0,
      "n_q5": 0,
      "by_category": {
        "knowledge-update": {
          "total": 39,
          "recalled": 12,
          "accurate": 8,
          "recall": 0.3076923076923077,
          "accuracy": 0.20512820512820512
        }
      },
      "grep": {
        "facts_total": 39,
        "all_present": 35,
        "any_present": 38,
        "recall_upper_bound": 0.8974358974358975
      }
    },
    "S4": {
      "recall": 0.3333333333333333,
      "accuracy": 0.15384615384615385,
      "facts_recalled": 13,
      "facts_total": 39,
      "recall_q1": 0.3333333333333333,
      "recall_q2": 0.0,
      "recall_q3": 0.0,
      "recall_q4": 0.0,
      "recall_q5": 0.0,
      "n_q1": 39,
      "n_q2": 0,
      "n_q3": 0,
      "n_q4": 0,
      "n_q5": 0,
      "by_category": {
        "knowledge-update": {
          "total": 39,
          "recalled": 13,
          "accurate": 6,
          "recall": 0.3333333333333333,
          "accuracy": 0.15384615384615385
        }
      },
      "grep": {
        "facts_total": 39,
        "all_present": 36,
        "any_present": 39,
        "recall_upper_bound": 0.9230769230769231
      }
    }
  },
  "recompute_timestamp": "2026-04-29T05:15:04.076473",
  "source": "recompute_summaries.py"
}