{
  "results": {
    "S1": {
      "recall": 0.05263157894736842,
      "accuracy": 0.05263157894736842,
      "facts_recalled": 1,
      "facts_total": 19,
      "recall_q1": 0.05263157894736842,
      "recall_q2": 0.0,
      "recall_q3": 0.0,
      "recall_q4": 0.0,
      "recall_q5": 0.0,
      "n_q1": 19,
      "n_q2": 0,
      "n_q3": 0,
      "n_q4": 0,
      "n_q5": 0,
      "by_category": {
        "knowledge-update": {
          "total": 19,
          "recalled": 1,
          "accurate": 1,
          "recall": 0.05263157894736842,
          "accuracy": 0.05263157894736842
        }
      }
    },
    "S2": {
      "recall": 0.21052631578947367,
      "accuracy": 0.21052631578947367,
      "facts_recalled": 4,
      "facts_total": 19,
      "recall_q1": 0.21052631578947367,
      "recall_q2": 0.0,
      "recall_q3": 0.0,
      "recall_q4": 0.0,
      "recall_q5": 0.0,
      "n_q1": 19,
      "n_q2": 0,
      "n_q3": 0,
      "n_q4": 0,
      "n_q5": 0,
      "by_category": {
        "knowledge-update": {
          "total": 19,
          "recalled": 4,
          "accurate": 4,
          "recall": 0.21052631578947367,
          "accuracy": 0.21052631578947367
        }
      }
    }
  },
  "rejudge_timestamp": "2026-04-30T08:53:57.815310",
  "judge_model": "claude-haiku-4-5-20251001"
}