{
  "results": {
    "S1": {
      "recall": 0.05263157894736842,
      "accuracy": 0.05263157894736842,
      "facts_recalled": 1,
      "facts_total": 19,
      "recall_q1": 0.05263157894736842,
      "recall_q2": 0.0,
      "recall_q3": 0.0,
      "recall_q4": 0.0,
      "recall_q5": 0.0,
      "n_q1": 19,
      "n_q2": 0,
      "n_q3": 0,
      "n_q4": 0,
      "n_q5": 0,
      "by_category": {
        "knowledge-update": {
          "total": 19,
          "recalled": 1,
          "accurate": 1,
          "recall": 0.05263157894736842,
          "accuracy": 0.05263157894736842
        }
      },
      "grep": {
        "facts_total": 19,
        "all_present": 9,
        "any_present": 12,
        "recall_upper_bound": 0.47368421052631576
      }
    },
    "S2": {
      "recall": 0.21052631578947367,
      "accuracy": 0.21052631578947367,
      "facts_recalled": 4,
      "facts_total": 19,
      "recall_q1": 0.21052631578947367,
      "recall_q2": 0.0,
      "recall_q3": 0.0,
      "recall_q4": 0.0,
      "recall_q5": 0.0,
      "n_q1": 19,
      "n_q2": 0,
      "n_q3": 0,
      "n_q4": 0,
      "n_q5": 0,
      "by_category": {
        "knowledge-update": {
          "total": 19,
          "recalled": 4,
          "accurate": 4,
          "recall": 0.21052631578947367,
          "accuracy": 0.21052631578947367
        }
      },
      "grep": {
        "facts_total": 19,
        "all_present": 19,
        "any_present": 19,
        "recall_upper_bound": 1.0
      }
    }
  },
  "recompute_timestamp": "2026-04-29T05:15:04.382497",
  "source": "recompute_summaries.py"
}