{
  "results": {
    "S1": {
      "recall": 0.05128205128205128,
      "accuracy": 0.05128205128205128,
      "facts_recalled": 2,
      "facts_total": 39,
      "recall_q1": 0.05128205128205128,
      "recall_q2": 0.0,
      "recall_q3": 0.0,
      "recall_q4": 0.0,
      "recall_q5": 0.0,
      "n_q1": 39,
      "n_q2": 0,
      "n_q3": 0,
      "n_q4": 0,
      "n_q5": 0,
      "by_category": {
        "knowledge-update": {
          "total": 39,
          "recalled": 2,
          "accurate": 2,
          "recall": 0.05128205128205128,
          "accuracy": 0.05128205128205128
        }
      },
      "by_compression_depth": {
        "0": {
          "total": 1,
          "recalled": 0,
          "recall": 0.0
        },
        "1": {
          "total": 38,
          "recalled": 2,
          "recall": 0.05263157894736842
        }
      },
      "compaction_cycles": 6
    },
    "S2": {
      "recall": 0.10256410256410256,
      "accuracy": 0.07692307692307693,
      "facts_recalled": 4,
      "facts_total": 39,
      "recall_q1": 0.10256410256410256,
      "recall_q2": 0.0,
      "recall_q3": 0.0,
      "recall_q4": 0.0,
      "recall_q5": 0.0,
      "n_q1": 39,
      "n_q2": 0,
      "n_q3": 0,
      "n_q4": 0,
      "n_q5": 0,
      "by_category": {
        "knowledge-update": {
          "total": 39,
          "recalled": 4,
          "accurate": 3,
          "recall": 0.10256410256410256,
          "accuracy": 0.07692307692307693
        }
      },
      "by_compression_depth": {
        "0": {
          "total": 1,
          "recalled": 0,
          "recall": 0.0
        },
        "1": {
          "total": 38,
          "recalled": 4,
          "recall": 0.10526315789473684
        }
      },
      "compaction_cycles": 16
    }
  },
  "label": "1001K",
  "judge_model": "claude-haiku-4-5-20251001",
  "qa_model": "claude-sonnet-4-20250514",
  "rerun_timestamp": "2026-04-30T10:47:57.090763"
}