{
  "results": {
    "S1": {
      "recall": 0.0375,
      "accuracy": 0.0125,
      "facts_recalled": 3,
      "facts_total": 80,
      "recall_q1": 0.02564102564102564,
      "recall_q2": 0.025,
      "recall_q3": 1.0,
      "recall_q4": 0.0,
      "recall_q5": 0.0,
      "n_q1": 39,
      "n_q2": 40,
      "n_q3": 1,
      "n_q4": 0,
      "n_q5": 0,
      "by_category": {
        "knowledge-update": {
          "total": 63,
          "recalled": 1,
          "accurate": 1,
          "recall": 0.015873015873015872,
          "accuracy": 0.015873015873015872
        },
        "single-session-preference": {
          "total": 17,
          "recalled": 2,
          "accurate": 0,
          "recall": 0.11764705882352941,
          "accuracy": 0.0
        }
      }
    }
  },
  "rejudge_timestamp": "2026-04-29T05:13:21.746430",
  "judge_model": "claude-haiku-4-5-20251001"
}