{
  "results": {
    "S1": {
      "recall": 0.025,
      "accuracy": 0.02,
      "facts_recalled": 5,
      "facts_total": 200,
      "recall_q1": 0.05128205128205128,
      "recall_q2": 0.0,
      "recall_q3": 0.0,
      "recall_q4": 0.025,
      "recall_q5": 0.04878048780487805,
      "n_q1": 39,
      "n_q2": 40,
      "n_q3": 40,
      "n_q4": 40,
      "n_q5": 41,
      "by_category": {
        "knowledge-update": {
          "total": 63,
          "recalled": 2,
          "accurate": 1,
          "recall": 0.031746031746031744,
          "accuracy": 0.015873015873015872
        },
        "single-session-assistant": {
          "total": 47,
          "recalled": 1,
          "accurate": 1,
          "recall": 0.02127659574468085,
          "accuracy": 0.02127659574468085
        },
        "single-session-preference": {
          "total": 29,
          "recalled": 0,
          "accurate": 0,
          "recall": 0.0,
          "accuracy": 0.0
        },
        "single-session-user": {
          "total": 61,
          "recalled": 2,
          "accurate": 2,
          "recall": 0.03278688524590164,
          "accuracy": 0.03278688524590164
        }
      }
    },
    "S2": {
      "recall": 0.025,
      "accuracy": 0.02,
      "facts_recalled": 5,
      "facts_total": 200,
      "recall_q1": 0.05128205128205128,
      "recall_q2": 0.0,
      "recall_q3": 0.0,
      "recall_q4": 0.025,
      "recall_q5": 0.04878048780487805,
      "n_q1": 39,
      "n_q2": 40,
      "n_q3": 40,
      "n_q4": 40,
      "n_q5": 41,
      "by_category": {
        "knowledge-update": {
          "total": 63,
          "recalled": 2,
          "accurate": 1,
          "recall": 0.031746031746031744,
          "accuracy": 0.015873015873015872
        },
        "single-session-assistant": {
          "total": 47,
          "recalled": 1,
          "accurate": 1,
          "recall": 0.02127659574468085,
          "accuracy": 0.02127659574468085
        },
        "single-session-preference": {
          "total": 29,
          "recalled": 0,
          "accurate": 0,
          "recall": 0.0,
          "accuracy": 0.0
        },
        "single-session-user": {
          "total": 61,
          "recalled": 2,
          "accurate": 2,
          "recall": 0.03278688524590164,
          "accuracy": 0.03278688524590164
        }
      }
    },
    "S3": {
      "recall": 0.015,
      "accuracy": 0.015,
      "facts_recalled": 3,
      "facts_total": 200,
      "recall_q1": 0.02564102564102564,
      "recall_q2": 0.0,
      "recall_q3": 0.0,
      "recall_q4": 0.025,
      "recall_q5": 0.024390243902439025,
      "n_q1": 39,
      "n_q2": 40,
      "n_q3": 40,
      "n_q4": 40,
      "n_q5": 41,
      "by_category": {
        "knowledge-update": {
          "total": 63,
          "recalled": 1,
          "accurate": 1,
          "recall": 0.015873015873015872,
          "accuracy": 0.015873015873015872
        },
        "single-session-assistant": {
          "total": 47,
          "recalled": 1,
          "accurate": 1,
          "recall": 0.02127659574468085,
          "accuracy": 0.02127659574468085
        },
        "single-session-preference": {
          "total": 29,
          "recalled": 0,
          "accurate": 0,
          "recall": 0.0,
          "accuracy": 0.0
        },
        "single-session-user": {
          "total": 61,
          "recalled": 1,
          "accurate": 1,
          "recall": 0.01639344262295082,
          "accuracy": 0.01639344262295082
        }
      }
    },
    "S4": {
      "recall": 0.04,
      "accuracy": 0.03,
      "facts_recalled": 8,
      "facts_total": 200,
      "recall_q1": 0.1282051282051282,
      "recall_q2": 0.0,
      "recall_q3": 0.0,
      "recall_q4": 0.05,
      "recall_q5": 0.024390243902439025,
      "n_q1": 39,
      "n_q2": 40,
      "n_q3": 40,
      "n_q4": 40,
      "n_q5": 41,
      "by_category": {
        "knowledge-update": {
          "total": 63,
          "recalled": 5,
          "accurate": 3,
          "recall": 0.07936507936507936,
          "accuracy": 0.047619047619047616
        },
        "single-session-assistant": {
          "total": 47,
          "recalled": 2,
          "accurate": 2,
          "recall": 0.0425531914893617,
          "accuracy": 0.0425531914893617
        },
        "single-session-preference": {
          "total": 29,
          "recalled": 0,
          "accurate": 0,
          "recall": 0.0,
          "accuracy": 0.0
        },
        "single-session-user": {
          "total": 61,
          "recalled": 1,
          "accurate": 1,
          "recall": 0.01639344262295082,
          "accuracy": 0.01639344262295082
        }
      }
    }
  },
  "rejudge_timestamp": "2026-04-30T05:44:55.036482",
  "judge_model": "claude-haiku-4-5-20251001"
}