{
  "results": {
    "S1": {
      "recall": 0.03,
      "accuracy": 0.02,
      "facts_recalled": 6,
      "facts_total": 200,
      "recall_q1": 0.05128205128205128,
      "recall_q2": 0.0,
      "recall_q3": 0.025,
      "recall_q4": 0.025,
      "recall_q5": 0.04878048780487805,
      "n_q1": 39,
      "n_q2": 40,
      "n_q3": 40,
      "n_q4": 40,
      "n_q5": 41,
      "by_category": {
        "knowledge-update": {
          "total": 63,
          "recalled": 2,
          "accurate": 1,
          "recall": 0.031746031746031744,
          "accuracy": 0.015873015873015872
        },
        "single-session-assistant": {
          "total": 47,
          "recalled": 2,
          "accurate": 1,
          "recall": 0.0425531914893617,
          "accuracy": 0.02127659574468085
        },
        "single-session-preference": {
          "total": 29,
          "recalled": 0,
          "accurate": 0,
          "recall": 0.0,
          "accuracy": 0.0
        },
        "single-session-user": {
          "total": 61,
          "recalled": 2,
          "accurate": 2,
          "recall": 0.03278688524590164,
          "accuracy": 0.03278688524590164
        }
      },
      "by_compression_depth": {
        "0": {
          "total": 6,
          "recalled": 1,
          "recall": 0.16666666666666666
        },
        "1": {
          "total": 194,
          "recalled": 5,
          "recall": 0.02577319587628866
        }
      },
      "compaction_cycles": 30
    },
    "S2": {
      "recall": 0.03,
      "accuracy": 0.02,
      "facts_recalled": 6,
      "facts_total": 200,
      "recall_q1": 0.05128205128205128,
      "recall_q2": 0.0,
      "recall_q3": 0.025,
      "recall_q4": 0.025,
      "recall_q5": 0.04878048780487805,
      "n_q1": 39,
      "n_q2": 40,
      "n_q3": 40,
      "n_q4": 40,
      "n_q5": 41,
      "by_category": {
        "knowledge-update": {
          "total": 63,
          "recalled": 2,
          "accurate": 1,
          "recall": 0.031746031746031744,
          "accuracy": 0.015873015873015872
        },
        "single-session-assistant": {
          "total": 47,
          "recalled": 2,
          "accurate": 1,
          "recall": 0.0425531914893617,
          "accuracy": 0.02127659574468085
        },
        "single-session-preference": {
          "total": 29,
          "recalled": 0,
          "accurate": 0,
          "recall": 0.0,
          "accuracy": 0.0
        },
        "single-session-user": {
          "total": 61,
          "recalled": 2,
          "accurate": 2,
          "recall": 0.03278688524590164,
          "accuracy": 0.03278688524590164
        }
      },
      "by_compression_depth": {
        "1": {
          "total": 200,
          "recalled": 6,
          "recall": 0.03
        }
      },
      "compaction_cycles": 88
    },
    "S3": {
      "recall": 0.04,
      "accuracy": 0.015,
      "facts_recalled": 8,
      "facts_total": 200,
      "recall_q1": 0.02564102564102564,
      "recall_q2": 0.025,
      "recall_q3": 0.075,
      "recall_q4": 0.025,
      "recall_q5": 0.04878048780487805,
      "n_q1": 39,
      "n_q2": 40,
      "n_q3": 40,
      "n_q4": 40,
      "n_q5": 41,
      "by_category": {
        "knowledge-update": {
          "total": 63,
          "recalled": 2,
          "accurate": 1,
          "recall": 0.031746031746031744,
          "accuracy": 0.015873015873015872
        },
        "single-session-assistant": {
          "total": 47,
          "recalled": 4,
          "accurate": 1,
          "recall": 0.0851063829787234,
          "accuracy": 0.02127659574468085
        },
        "single-session-preference": {
          "total": 29,
          "recalled": 0,
          "accurate": 0,
          "recall": 0.0,
          "accuracy": 0.0
        },
        "single-session-user": {
          "total": 61,
          "recalled": 2,
          "accurate": 1,
          "recall": 0.03278688524590164,
          "accuracy": 0.01639344262295082
        }
      },
      "by_compression_depth": {
        "0": {
          "total": 1,
          "recalled": 0,
          "recall": 0.0
        },
        "1": {
          "total": 199,
          "recalled": 8,
          "recall": 0.04020100502512563
        }
      },
      "compaction_cycles": 88
    },
    "S4": {
      "recall": 0.085,
      "accuracy": 0.03,
      "facts_recalled": 17,
      "facts_total": 200,
      "recall_q1": 0.1282051282051282,
      "recall_q2": 0.025,
      "recall_q3": 0.075,
      "recall_q4": 0.125,
      "recall_q5": 0.07317073170731707,
      "n_q1": 39,
      "n_q2": 40,
      "n_q3": 40,
      "n_q4": 40,
      "n_q5": 41,
      "by_category": {
        "knowledge-update": {
          "total": 63,
          "recalled": 5,
          "accurate": 3,
          "recall": 0.07936507936507936,
          "accuracy": 0.047619047619047616
        },
        "single-session-assistant": {
          "total": 47,
          "recalled": 5,
          "accurate": 2,
          "recall": 0.10638297872340426,
          "accuracy": 0.0425531914893617
        },
        "single-session-preference": {
          "total": 29,
          "recalled": 3,
          "accurate": 0,
          "recall": 0.10344827586206896,
          "accuracy": 0.0
        },
        "single-session-user": {
          "total": 61,
          "recalled": 4,
          "accurate": 1,
          "recall": 0.06557377049180328,
          "accuracy": 0.01639344262295082
        }
      },
      "by_compression_depth": {
        "0": {
          "total": 1,
          "recalled": 0,
          "recall": 0.0
        },
        "1": {
          "total": 199,
          "recalled": 17,
          "recall": 0.08542713567839195
        }
      },
      "compaction_cycles": 88
    }
  },
  "label": "5M",
  "judge_model": "claude-haiku-4-5-20251001",
  "qa_model": "claude-sonnet-4-20250514",
  "reeval_timestamp": "2026-04-30T02:17:35.112390"
}