{
  "results": {
    "S1": {
      "recall": 0.03571428571428571,
      "accuracy": 0.02857142857142857,
      "facts_recalled": 5,
      "facts_total": 140,
      "recall_q1": 0.02564102564102564,
      "recall_q2": 0.0,
      "recall_q3": 0.0,
      "recall_q4": 0.19047619047619047,
      "recall_q5": 0.0,
      "n_q1": 39,
      "n_q2": 40,
      "n_q3": 40,
      "n_q4": 21,
      "n_q5": 0,
      "by_category": {
        "knowledge-update": {
          "total": 63,
          "recalled": 1,
          "accurate": 0,
          "recall": 0.015873015873015872,
          "accuracy": 0.0
        },
        "single-session-assistant": {
          "total": 47,
          "recalled": 3,
          "accurate": 3,
          "recall": 0.06382978723404255,
          "accuracy": 0.06382978723404255
        },
        "single-session-preference": {
          "total": 29,
          "recalled": 0,
          "accurate": 0,
          "recall": 0.0,
          "accuracy": 0.0
        },
        "single-session-user": {
          "total": 1,
          "recalled": 1,
          "accurate": 1,
          "recall": 1.0,
          "accuracy": 1.0
        }
      },
      "by_compression_depth": {
        "0": {
          "total": 6,
          "recalled": 4,
          "recall": 0.6666666666666666
        },
        "1": {
          "total": 134,
          "recalled": 1,
          "recall": 0.007462686567164179
        }
      },
      "compaction_cycles": 21
    },
    "S2": {
      "recall": 0.02857142857142857,
      "accuracy": 0.02857142857142857,
      "facts_recalled": 4,
      "facts_total": 140,
      "recall_q1": 0.02564102564102564,
      "recall_q2": 0.0,
      "recall_q3": 0.0,
      "recall_q4": 0.14285714285714285,
      "recall_q5": 0.0,
      "n_q1": 39,
      "n_q2": 40,
      "n_q3": 40,
      "n_q4": 21,
      "n_q5": 0,
      "by_category": {
        "knowledge-update": {
          "total": 63,
          "recalled": 1,
          "accurate": 1,
          "recall": 0.015873015873015872,
          "accuracy": 0.015873015873015872
        },
        "single-session-assistant": {
          "total": 47,
          "recalled": 3,
          "accurate": 3,
          "recall": 0.06382978723404255,
          "accuracy": 0.06382978723404255
        },
        "single-session-preference": {
          "total": 29,
          "recalled": 0,
          "accurate": 0,
          "recall": 0.0,
          "accuracy": 0.0
        },
        "single-session-user": {
          "total": 1,
          "recalled": 0,
          "accurate": 0,
          "recall": 0.0,
          "accuracy": 0.0
        }
      },
      "by_compression_depth": {
        "0": {
          "total": 1,
          "recalled": 0,
          "recall": 0.0
        },
        "1": {
          "total": 139,
          "recalled": 4,
          "recall": 0.02877697841726619
        }
      },
      "compaction_cycles": 62
    }
  },
  "label": "3501K",
  "judge_model": "claude-haiku-4-5-20251001",
  "qa_model": "claude-sonnet-4-20250514",
  "rerun_timestamp": "2026-04-30T11:01:09.967613"
}