{
  "results": {
    "S3": {
      "recall": 0.10526315789473684,
      "accuracy": 0.10526315789473684,
      "facts_recalled": 2,
      "facts_total": 19,
      "recall_q1": 0.10526315789473684,
      "recall_q2": 0.0,
      "recall_q3": 0.0,
      "recall_q4": 0.0,
      "recall_q5": 0.0,
      "n_q1": 19,
      "n_q2": 0,
      "n_q3": 0,
      "n_q4": 0,
      "n_q5": 0,
      "by_category": {
        "knowledge-update": {
          "total": 19,
          "recalled": 2,
          "accurate": 2,
          "recall": 0.10526315789473684,
          "accuracy": 0.10526315789473684
        }
      },
      "by_compression_depth": {
        "1": {
          "total": 19,
          "recalled": 2,
          "recall": 0.10526315789473684
        }
      },
      "compaction_cycles": 7
    },
    "S4": {
      "recall": 0.3684210526315789,
      "accuracy": 0.10526315789473684,
      "facts_recalled": 7,
      "facts_total": 19,
      "recall_q1": 0.3684210526315789,
      "recall_q2": 0.0,
      "recall_q3": 0.0,
      "recall_q4": 0.0,
      "recall_q5": 0.0,
      "n_q1": 19,
      "n_q2": 0,
      "n_q3": 0,
      "n_q4": 0,
      "n_q5": 0,
      "by_category": {
        "knowledge-update": {
          "total": 19,
          "recalled": 7,
          "accurate": 2,
          "recall": 0.3684210526315789,
          "accuracy": 0.10526315789473684
        }
      },
      "by_compression_depth": {
        "1": {
          "total": 19,
          "recalled": 7,
          "recall": 0.3684210526315789
        }
      },
      "compaction_cycles": 7
    }
  },
  "label": "500K",
  "judge_model": "claude-haiku-4-5-20251001",
  "qa_model": "claude-sonnet-4-20250514",
  "rerun_timestamp": "2026-04-30T10:40:40.179776"
}