{
  "results": {
    "S1": {
      "recall": 0.05263157894736842,
      "accuracy": 0.05263157894736842,
      "facts_recalled": 1,
      "facts_total": 19,
      "recall_q1": 0.05263157894736842,
      "recall_q2": 0.0,
      "recall_q3": 0.0,
      "recall_q4": 0.0,
      "recall_q5": 0.0,
      "n_q1": 19,
      "n_q2": 0,
      "n_q3": 0,
      "n_q4": 0,
      "n_q5": 0,
      "by_category": {
        "knowledge-update": {
          "total": 19,
          "recalled": 1,
          "accurate": 1,
          "recall": 0.05263157894736842,
          "accuracy": 0.05263157894736842
        }
      },
      "by_compression_depth": {
        "0": {
          "total": 1,
          "recalled": 1,
          "recall": 1.0
        },
        "1": {
          "total": 18,
          "recalled": 0,
          "recall": 0.0
        }
      },
      "compaction_cycles": 3
    },
    "S2": {
      "recall": 0.2631578947368421,
      "accuracy": 0.21052631578947367,
      "facts_recalled": 5,
      "facts_total": 19,
      "recall_q1": 0.2631578947368421,
      "recall_q2": 0.0,
      "recall_q3": 0.0,
      "recall_q4": 0.0,
      "recall_q5": 0.0,
      "n_q1": 19,
      "n_q2": 0,
      "n_q3": 0,
      "n_q4": 0,
      "n_q5": 0,
      "by_category": {
        "knowledge-update": {
          "total": 19,
          "recalled": 5,
          "accurate": 4,
          "recall": 0.2631578947368421,
          "accuracy": 0.21052631578947367
        }
      },
      "by_compression_depth": {
        "1": {
          "total": 19,
          "recalled": 5,
          "recall": 0.2631578947368421
        }
      },
      "compaction_cycles": 7
    }
  },
  "label": "500K",
  "judge_model": "claude-haiku-4-5-20251001",
  "qa_model": "claude-sonnet-4-20250514",
  "rerun_timestamp": "2026-04-30T10:40:45.778650"
}