{
  "results": {
    "S1": {
      "recall": 0.07692307692307693,
      "accuracy": 0.05128205128205128,
      "facts_recalled": 3,
      "facts_total": 39,
      "recall_q1": 0.07692307692307693,
      "recall_q2": 0.0,
      "recall_q3": 0.0,
      "recall_q4": 0.0,
      "recall_q5": 0.0,
      "n_q1": 39,
      "n_q2": 0,
      "n_q3": 0,
      "n_q4": 0,
      "n_q5": 0,
      "by_category": {
        "knowledge-update": {
          "total": 39,
          "recalled": 3,
          "accurate": 2,
          "recall": 0.07692307692307693,
          "accuracy": 0.05128205128205128
        }
      }
    },
    "S2": {
      "recall": 0.15384615384615385,
      "accuracy": 0.15384615384615385,
      "facts_recalled": 6,
      "facts_total": 39,
      "recall_q1": 0.15384615384615385,
      "recall_q2": 0.0,
      "recall_q3": 0.0,
      "recall_q4": 0.0,
      "recall_q5": 0.0,
      "n_q1": 39,
      "n_q2": 0,
      "n_q3": 0,
      "n_q4": 0,
      "n_q5": 0,
      "by_category": {
        "knowledge-update": {
          "total": 39,
          "recalled": 6,
          "accurate": 6,
          "recall": 0.15384615384615385,
          "accuracy": 0.15384615384615385
        }
      }
    },
    "S3": {
      "recall": 0.41025641025641024,
      "accuracy": 0.28205128205128205,
      "facts_recalled": 16,
      "facts_total": 39,
      "recall_q1": 0.41025641025641024,
      "recall_q2": 0.0,
      "recall_q3": 0.0,
      "recall_q4": 0.0,
      "recall_q5": 0.0,
      "n_q1": 39,
      "n_q2": 0,
      "n_q3": 0,
      "n_q4": 0,
      "n_q5": 0,
      "by_category": {
        "knowledge-update": {
          "total": 39,
          "recalled": 16,
          "accurate": 11,
          "recall": 0.41025641025641024,
          "accuracy": 0.28205128205128205
        }
      }
    },
    "S4": {
      "recall": 0.358974358974359,
      "accuracy": 0.15384615384615385,
      "facts_recalled": 14,
      "facts_total": 39,
      "recall_q1": 0.358974358974359,
      "recall_q2": 0.0,
      "recall_q3": 0.0,
      "recall_q4": 0.0,
      "recall_q5": 0.0,
      "n_q1": 39,
      "n_q2": 0,
      "n_q3": 0,
      "n_q4": 0,
      "n_q5": 0,
      "by_category": {
        "knowledge-update": {
          "total": 39,
          "recalled": 14,
          "accurate": 6,
          "recall": 0.358974358974359,
          "accuracy": 0.15384615384615385
        }
      }
    }
  },
  "rejudge_timestamp": "2026-04-30T09:00:43.399331",
  "judge_model": "claude-haiku-4-5-20251001"
}