{
  "results": {
    "S1": {
      "recall": 0.05,
      "accuracy": 0.03571428571428571,
      "facts_recalled": 7,
      "facts_total": 140,
      "recall_q1": 0.05128205128205128,
      "recall_q2": 0.025,
      "recall_q3": 0.0,
      "recall_q4": 0.19047619047619047,
      "recall_q5": 0.0,
      "n_q1": 39,
      "n_q2": 40,
      "n_q3": 40,
      "n_q4": 21,
      "n_q5": 0,
      "by_category": {
        "knowledge-update": {
          "total": 63,
          "recalled": 3,
          "accurate": 1,
          "recall": 0.047619047619047616,
          "accuracy": 0.015873015873015872
        },
        "single-session-assistant": {
          "total": 47,
          "recalled": 3,
          "accurate": 3,
          "recall": 0.06382978723404255,
          "accuracy": 0.06382978723404255
        },
        "single-session-preference": {
          "total": 29,
          "recalled": 0,
          "accurate": 0,
          "recall": 0.0,
          "accuracy": 0.0
        },
        "single-session-user": {
          "total": 1,
          "recalled": 1,
          "accurate": 1,
          "recall": 1.0,
          "accuracy": 1.0
        }
      },
      "by_compression_depth": {
        "0": {
          "total": 6,
          "recalled": 4,
          "recall": 0.6666666666666666
        },
        "1": {
          "total": 134,
          "recalled": 3,
          "recall": 0.022388059701492536
        }
      },
      "compaction_cycles": 21
    },
    "S2": {
      "recall": 0.05714285714285714,
      "accuracy": 0.03571428571428571,
      "facts_recalled": 8,
      "facts_total": 140,
      "recall_q1": 0.02564102564102564,
      "recall_q2": 0.05,
      "recall_q3": 0.025,
      "recall_q4": 0.19047619047619047,
      "recall_q5": 0.0,
      "n_q1": 39,
      "n_q2": 40,
      "n_q3": 40,
      "n_q4": 21,
      "n_q5": 0,
      "by_category": {
        "knowledge-update": {
          "total": 63,
          "recalled": 3,
          "accurate": 1,
          "recall": 0.047619047619047616,
          "accuracy": 0.015873015873015872
        },
        "single-session-assistant": {
          "total": 47,
          "recalled": 3,
          "accurate": 3,
          "recall": 0.06382978723404255,
          "accuracy": 0.06382978723404255
        },
        "single-session-preference": {
          "total": 29,
          "recalled": 1,
          "accurate": 0,
          "recall": 0.034482758620689655,
          "accuracy": 0.0
        },
        "single-session-user": {
          "total": 1,
          "recalled": 1,
          "accurate": 1,
          "recall": 1.0,
          "accuracy": 1.0
        }
      },
      "by_compression_depth": {
        "0": {
          "total": 2,
          "recalled": 2,
          "recall": 1.0
        },
        "1": {
          "total": 138,
          "recalled": 6,
          "recall": 0.043478260869565216
        }
      },
      "compaction_cycles": 62
    },
    "S3": {
      "recall": 0.05714285714285714,
      "accuracy": 0.03571428571428571,
      "facts_recalled": 8,
      "facts_total": 140,
      "recall_q1": 0.05128205128205128,
      "recall_q2": 0.05,
      "recall_q3": 0.0,
      "recall_q4": 0.19047619047619047,
      "recall_q5": 0.0,
      "n_q1": 39,
      "n_q2": 40,
      "n_q3": 40,
      "n_q4": 21,
      "n_q5": 0,
      "by_category": {
        "knowledge-update": {
          "total": 63,
          "recalled": 4,
          "accurate": 1,
          "recall": 0.06349206349206349,
          "accuracy": 0.015873015873015872
        },
        "single-session-assistant": {
          "total": 47,
          "recalled": 3,
          "accurate": 3,
          "recall": 0.06382978723404255,
          "accuracy": 0.06382978723404255
        },
        "single-session-preference": {
          "total": 29,
          "recalled": 0,
          "accurate": 0,
          "recall": 0.0,
          "accuracy": 0.0
        },
        "single-session-user": {
          "total": 1,
          "recalled": 1,
          "accurate": 1,
          "recall": 1.0,
          "accuracy": 1.0
        }
      },
      "by_compression_depth": {
        "0": {
          "total": 1,
          "recalled": 1,
          "recall": 1.0
        },
        "1": {
          "total": 139,
          "recalled": 7,
          "recall": 0.050359712230215826
        }
      },
      "compaction_cycles": 62
    },
    "S4": {
      "recall": 0.05714285714285714,
      "accuracy": 0.04285714285714286,
      "facts_recalled": 8,
      "facts_total": 140,
      "recall_q1": 0.02564102564102564,
      "recall_q2": 0.025,
      "recall_q3": 0.025,
      "recall_q4": 0.23809523809523808,
      "recall_q5": 0.0,
      "n_q1": 39,
      "n_q2": 40,
      "n_q3": 40,
      "n_q4": 21,
      "n_q5": 0,
      "by_category": {
        "knowledge-update": {
          "total": 63,
          "recalled": 2,
          "accurate": 1,
          "recall": 0.031746031746031744,
          "accuracy": 0.015873015873015872
        },
        "single-session-assistant": {
          "total": 47,
          "recalled": 4,
          "accurate": 4,
          "recall": 0.0851063829787234,
          "accuracy": 0.0851063829787234
        },
        "single-session-preference": {
          "total": 29,
          "recalled": 1,
          "accurate": 0,
          "recall": 0.034482758620689655,
          "accuracy": 0.0
        },
        "single-session-user": {
          "total": 1,
          "recalled": 1,
          "accurate": 1,
          "recall": 1.0,
          "accuracy": 1.0
        }
      },
      "by_compression_depth": {
        "0": {
          "total": 1,
          "recalled": 1,
          "recall": 1.0
        },
        "1": {
          "total": 139,
          "recalled": 7,
          "recall": 0.050359712230215826
        }
      },
      "compaction_cycles": 62
    }
  },
  "label": "3501K",
  "judge_model": "claude-haiku-4-5-20251001",
  "qa_model": "claude-sonnet-4-20250514",
  "rerun_timestamp": "2026-04-30T11:04:41.962606"
}