{
  "results": {
    "S1": {
      "recall": 0.05263157894736842,
      "accuracy": 0.05263157894736842,
      "facts_recalled": 1,
      "facts_total": 19,
      "recall_q1": 0.05263157894736842,
      "recall_q2": 0.0,
      "recall_q3": 0.0,
      "recall_q4": 0.0,
      "recall_q5": 0.0,
      "n_q1": 19,
      "n_q2": 0,
      "n_q3": 0,
      "n_q4": 0,
      "n_q5": 0,
      "by_category": {
        "knowledge-update": {
          "total": 19,
          "recalled": 1,
          "accurate": 1,
          "recall": 0.05263157894736842,
          "accuracy": 0.05263157894736842
        }
      }
    },
    "S2": {
      "recall": 0.10526315789473684,
      "accuracy": 0.10526315789473684,
      "facts_recalled": 2,
      "facts_total": 19,
      "recall_q1": 0.10526315789473684,
      "recall_q2": 0.0,
      "recall_q3": 0.0,
      "recall_q4": 0.0,
      "recall_q5": 0.0,
      "n_q1": 19,
      "n_q2": 0,
      "n_q3": 0,
      "n_q4": 0,
      "n_q5": 0,
      "by_category": {
        "knowledge-update": {
          "total": 19,
          "recalled": 2,
          "accurate": 2,
          "recall": 0.10526315789473684,
          "accuracy": 0.10526315789473684
        }
      }
    },
    "S3": {
      "recall": 0.10526315789473684,
      "accuracy": 0.10526315789473684,
      "facts_recalled": 2,
      "facts_total": 19,
      "recall_q1": 0.10526315789473684,
      "recall_q2": 0.0,
      "recall_q3": 0.0,
      "recall_q4": 0.0,
      "recall_q5": 0.0,
      "n_q1": 19,
      "n_q2": 0,
      "n_q3": 0,
      "n_q4": 0,
      "n_q5": 0,
      "by_category": {
        "knowledge-update": {
          "total": 19,
          "recalled": 2,
          "accurate": 2,
          "recall": 0.10526315789473684,
          "accuracy": 0.10526315789473684
        }
      }
    },
    "S4": {
      "recall": 0.10526315789473684,
      "accuracy": 0.10526315789473684,
      "facts_recalled": 2,
      "facts_total": 19,
      "recall_q1": 0.10526315789473684,
      "recall_q2": 0.0,
      "recall_q3": 0.0,
      "recall_q4": 0.0,
      "recall_q5": 0.0,
      "n_q1": 19,
      "n_q2": 0,
      "n_q3": 0,
      "n_q4": 0,
      "n_q5": 0,
      "by_category": {
        "knowledge-update": {
          "total": 19,
          "recalled": 2,
          "accurate": 2,
          "recall": 0.10526315789473684,
          "accuracy": 0.10526315789473684
        }
      }
    }
  },
  "rejudge_timestamp": "2026-04-30T12:35:05.787622",
  "judge_model": "claude-haiku-4-5-20251001"
}