{
  "results": {
    "S1": {
      "recall": 0.05263157894736842,
      "accuracy": 0.05263157894736842,
      "facts_recalled": 1,
      "facts_total": 19,
      "recall_q1": 0.05263157894736842,
      "recall_q2": 0.0,
      "recall_q3": 0.0,
      "recall_q4": 0.0,
      "recall_q5": 0.0,
      "n_q1": 19,
      "n_q2": 0,
      "n_q3": 0,
      "n_q4": 0,
      "n_q5": 0,
      "by_category": {
        "knowledge-update": {
          "total": 19,
          "recalled": 1,
          "accurate": 1,
          "recall": 0.05263157894736842,
          "accuracy": 0.05263157894736842
        }
      },
      "by_compression_depth": {
        "0": {
          "total": 1,
          "recalled": 1,
          "recall": 1.0
        },
        "1": {
          "total": 18,
          "recalled": 0,
          "recall": 0.0
        }
      },
      "compaction_cycles": 3,
      "grep": {
        "facts_total": 19,
        "all_present": 9,
        "any_present": 12,
        "recall_upper_bound": 0.47368421052631576
      }
    },
    "S2": {
      "recall": 0.10526315789473684,
      "accuracy": 0.10526315789473684,
      "facts_recalled": 2,
      "facts_total": 19,
      "recall_q1": 0.10526315789473684,
      "recall_q2": 0.0,
      "recall_q3": 0.0,
      "recall_q4": 0.0,
      "recall_q5": 0.0,
      "n_q1": 19,
      "n_q2": 0,
      "n_q3": 0,
      "n_q4": 0,
      "n_q5": 0,
      "by_category": {
        "knowledge-update": {
          "total": 19,
          "recalled": 2,
          "accurate": 2,
          "recall": 0.10526315789473684,
          "accuracy": 0.10526315789473684
        }
      },
      "by_compression_depth": {
        "1": {
          "total": 19,
          "recalled": 2,
          "recall": 0.10526315789473684
        }
      },
      "compaction_cycles": 7,
      "grep": {
        "facts_total": 19,
        "all_present": 19,
        "any_present": 19,
        "recall_upper_bound": 1.0
      }
    },
    "S3": {
      "recall": 0.10526315789473684,
      "accuracy": 0.10526315789473684,
      "facts_recalled": 2,
      "facts_total": 19,
      "recall_q1": 0.10526315789473684,
      "recall_q2": 0.0,
      "recall_q3": 0.0,
      "recall_q4": 0.0,
      "recall_q5": 0.0,
      "n_q1": 19,
      "n_q2": 0,
      "n_q3": 0,
      "n_q4": 0,
      "n_q5": 0,
      "by_category": {
        "knowledge-update": {
          "total": 19,
          "recalled": 2,
          "accurate": 2,
          "recall": 0.10526315789473684,
          "accuracy": 0.10526315789473684
        }
      },
      "by_compression_depth": {
        "1": {
          "total": 19,
          "recalled": 2,
          "recall": 0.10526315789473684
        }
      },
      "compaction_cycles": 7,
      "grep": {
        "facts_total": 19,
        "all_present": 19,
        "any_present": 19,
        "recall_upper_bound": 1.0
      }
    },
    "S4": {
      "recall": 0.21052631578947367,
      "accuracy": 0.10526315789473684,
      "facts_recalled": 4,
      "facts_total": 19,
      "recall_q1": 0.21052631578947367,
      "recall_q2": 0.0,
      "recall_q3": 0.0,
      "recall_q4": 0.0,
      "recall_q5": 0.0,
      "n_q1": 19,
      "n_q2": 0,
      "n_q3": 0,
      "n_q4": 0,
      "n_q5": 0,
      "by_category": {
        "knowledge-update": {
          "total": 19,
          "recalled": 4,
          "accurate": 2,
          "recall": 0.21052631578947367,
          "accuracy": 0.10526315789473684
        }
      },
      "by_compression_depth": {
        "1": {
          "total": 19,
          "recalled": 4,
          "recall": 0.21052631578947367
        }
      },
      "compaction_cycles": 7,
      "grep": {
        "facts_total": 19,
        "all_present": 19,
        "any_present": 19,
        "recall_upper_bound": 1.0
      }
    }
  },
  "label": "checkpoint_500K"
}